Product ID,Product category,Item,Price
FT422,Fitness,Battle rope - 1.5 inch, $90.55 
FT871,Fitness,Battle rope - 2 inch, $120.25 
FT976,Fitness,Insulated water bottle - 24oz - Green, $19.99 
FT434,Fitness,Insulated water bottle - 24oz - Grey, $19.99 
FT172,Fitness,Insulated water bottle - 24oz - Pink, $19.99 
FT181,Fitness,Insulated water bottle - 24oz - Purple, $19.99 
FT139,Fitness,Insulated water bottle - 24oz -Blue, $19.99 
FT174,Fitness,Insulated water bottle - 40oz - Blue, $28.79 
FT682,Fitness,Insulated water bottle - 40oz - Green, $28.79 
FT895,Fitness,Insulated water bottle - 40oz - Grey, $28.79 
FT644,Fitness,Insulated water bottle - 40oz - Pink, $28.79 
FT344,Fitness,Insulated water bottle - 40oz - Purple, $28.79 
FT300,Fitness,Kettlebell - 10 lb, $39.99 
FT598,Fitness,Kettlebell - 15 lb, $49.99 
FT981,Fitness,Kettlebell - 20 lb, $59.99 
FT357,Fitness,Kettlebell - 25 lb, $69.99 
FT350,Fitness,Kettlebell - 30 lb, $79.99 
FT727,Fitness,Resistance bands - 10 lb, $10.99 
FT544,Fitness,Resistance bands - 20 lb, $11.99 
FT530,Fitness,Resistance bands - 30 lb, $12.99 
FT439,Fitness,Resistance bands - 40 lb, $13.99 
FT258,Fitness,Resistance bands - 50 lb, $14.99 
FT870,Fitness,Resistance bands - set of 5, $55.00 
FT577,Fitness,Slam ball - 10 lb, $46.95 
FT589,Fitness,Slam ball - 15 lb, $49.95 
FT358,Fitness,Slam ball - 20 lb, $52.95 
FT139,Fitness,Slam ball - 25 lb, $55.95 
FT280,Fitness,Slam ball - 5 lb, $43.95 
FT467,Fitness,Yoga ball - 45cm, $17.99 
FT609,Fitness,Yoga ball - 55cm, $20.79 
FT485,Fitness,Yoga ball - 65cm, $22.79 
FT797,Fitness,Yoga ball - 75cm , $24.79 
FT825,Fitness,Yoga block - 3 inch, $7.00 
FT337,Fitness,Yoga block - 4 inch, $9.00 
FT525,Fitness,Yoga mat - 3mm, $21.99 
FT962,Fitness,Yoga mat - 4mm, $24.99 
FT853,Fitness,Yoga mat - 6mm, $29.99 
MW112,Minteral water,Mineral Water - Blueberry -  20oz - case, $14.99 
MW122,Minteral water,Mineral Water - Blueberry - 32oz - case, $20.99 
MW172,Minteral water,Mineral Water - Cranberry -  20oz - case, $14.99 
MW272,Minteral water,Mineral Water - Cranberry - 32oz - case, $20.99 
MW122,Minteral water,Mineral Water - Lemon -  20oz - case, $14.99 
MW222,Minteral water,Mineral Water - Lemon - 32oz - case, $20.99 
MW182,Minteral water,Mineral Water - Mango -  20oz - case, $14.99 
MW282,Minteral water,Mineral Water - Mango - 32oz - case, $20.99 
MW202,Minteral water,Mineral Water - Natural -  32oz - case, $16.99 
MW102,Minteral water,Mineral Water - Natural - 20oz - case, $12.99 
MW132,Minteral water,Mineral Water - Orange -  20oz - case, $14.99 
MW232,Minteral water,Mineral Water - Orange - 32oz - case, $20.99 
MW142,Minteral water,Mineral Water - Peach -  20oz - case, $14.99 
MW242,Minteral water,Mineral Water - Peach -32oz - case, $20.99 
MW152,Minteral water,Mineral Water - Raspberry -  20oz - case, $14.99 
MW252,Minteral water,Mineral Water - Raspberry - 32oz - case, $20.99 
MW162,Minteral water,Mineral Water - Strawberry -  20oz - case, $14.99 
MW262,Minteral water,Mineral Water - Strawberry - 32oz - case, $20.99 
SP201,Supplements,Calcium 400 IU - 140 tablets, $12.99 
SP603,Supplements,Calcium 400 IU - 200 tablets, $16.99 
SP121,Supplements,Flaxseed Oil 1000mg - 120 capsules, $16.99 
SP304,Supplements,Flaxseed Oil 1000mg - 90 capsules, $12.49 
SP602,Supplements,Iron 65 mg - 150 capsules, $6.95 
SP202,Supplements,Iron 65 mg - 80 capsules, $4.75 
SP123,Supplements,Magnesium 250 mg - 100 tablets, $22.35 
SP305,Supplements,Magnesium 250 mg - 160 tablets, $32.65 
SP303,Supplements,Multivitamin - 120 capsules, $21.60 
SP120,Supplements,Multivitamin - 180 capsules, $27.50 
SP601,Supplements,Multivitamin - 90 capsules, $18.44 
SP309,Supplements,"Vitamin A 10,000 IU - 125 capsules", $11.05 
SP604,Supplements,"Vitamin A 10,000 IU - 75 capsules",6.85
SP125,Supplements,Vitamin B-complex - 100 capsules,13.45
SP203,Supplements,Vitamin B-complex - 160 capsules,19.52
SP607,Supplements,Vitamin B-complex - 200 capsules,24.1
SP126,Supplements,Vitamin C-1000 mg - 140 tablets,14.6
SP306,Supplements,Vitamin C-1000 mg - 80 tablets,9.49
SP204,Supplements,Vitamin D3 1000 IU - 100 capsules,6.99
SP609,Supplements,Vitamin D3 1000 IU - 160 capsules,8.99
